304877217513472,quaerat provident voluptatibus,Ducimus laboriosam explicabo voluptatum doloribus vel.,2023,A,151,Thriller,Fantasy,Comedy,Horror,Sci-Fi,Action,Drama,FM,
2648353881980928,quidem eligendi recusandae,Voluptatum consectetur itaque reiciendis dolor dolorum hic cum.,2023,CA,95,Action,Drama,Fantasy,Sci-Fi,Horror,Comedy,Thriller,AE,
838706072125440,praesentium saepe mollitia,Perspiciatis harum modi minus nobis.,2023,TV-Y7,86,Sci-Fi,PA,8
8512093670080512,reiciendis quisquam cumque,Voluptas quasi totam in sequi praesentium omnis soluta adipisci.,2023,TV-PG,68,Sci-Fi,Comedy,Thriller,Action,Fantasy,ME,
2277541515624448,nemo fugit excepturi,Enim maiores assumenda veritatis.,2023,18,123,Horror,Action,Comedy,Drama,Thriller,Sci-Fi,Fantasy,MQ,4
2521344868614144,error dolorum debitis,Iusto dolore pariatur provident numquam quod.,2023,TV-MA,91,Comedy,MO,
6874387282132992,quos atque temporibus,Delectus necessitatibus perferendis fugiat corporis doloremque architecto debitis tempora natus.,2023,TV-G,165,Thriller,Sci-Fi,Horror,Action,Fantasy,UY,1
2240098431139840,explicabo similique expedita,Veritatis ullam neque voluptate architecto exercitationem pariatur.,2022,R16,98,Horror,Thriller,Drama,Action,KY,3
3484530331615232,quod molestias doloribus,Occaecati molestiae fugit necessitatibus ut est aspernatur.,2023,U,152,Action,SB,
1824030332026880,odit est delectus,A numquam quasi expedita.,2023,15,158,Thriller,KZ,7
1679205104353280,totam asperiores totam,Dicta modi in autem magni velit.,2022,18,122,Sci-Fi,Action,Fantasy,Horror,GQ,
8685740290473984,accusantium corporis sunt,Perspiciatis vel culpa at.,2022,GP,93,Fantasy,Thriller,Horror,Comedy,CK,7
4141776008904704,iste magnam magnam,Deserunt corporis asperiores dolorem qui eos commodi earum facere animi.,2023,M/PG,159,Sci-Fi,Fantasy,Comedy,Drama,Horror,FJ,6
5938424036982784,officia exercitationem sunt,Ex corporis esse perferendis quaerat accusantium aperiam eius doloremque.,2023,GP,155,Sci-Fi,Horror,NZ,
7437566521376768,laudantium maiores consequuntur,Dolor excepturi consequatur sapiente.,2023,9,73,Drama,NO,8
3935711713558528,nobis eveniet iure,Modi voluptatibus numquam vel autem.,2023,R21,81,Drama,Sci-Fi,Fantasy,Horror,HT,
6529632855654400,quia voluptatum pariatur,Dolorem qui incidunt atque.,2022,TV-14,87,Thriller,Action,Sci-Fi,Comedy,Drama,Horror,ID,
6215216251535360,maxime at vitae,Facilis aut tempore ad perspiciatis nisi.,2023,CA,64,Thriller,Fantasy,Action,Horror,NA,
8637994542039040,libero eum magni,Ab ea quisquam esse eius doloribus odit odio.,2023,R18+,129,Horror,Comedy,Sci-Fi,Drama,TM,
2700163042770944,sapiente dolore nesciunt,Quis beatae odio saepe odio.,2023,S,74,Fantasy,CR,5
92135080591360,alias corporis nostrum,Quaerat possimus dolores ratione laboriosam.,2022,12A,116,Sci-Fi,Comedy,Drama,Fantasy,VE,
3609040953278464,repudiandae est cumque,Ipsam vero dolorem adipisci.,2023,TV-Y7,149,Drama,Comedy,PK,
3390038402400256,saepe iure quasi,Nisi ab dolor recusandae adipisci nobis.,2022,X18,153,Action,Thriller,Drama,Sci-Fi,Comedy,Horror,BE,2
4572679050887168,temporibus in numquam,Beatae error velit quisquam quibusdam quam ab.,2023,E,174,Drama,Fantasy,Sci-Fi,Action,Comedy,Thriller,GG,
52490816978944,nulla odit sit,Et mollitia est consequuntur magni porro.,2023,TV-G,170,Drama,Comedy,Horror,Sci-Fi,GU,5
6216499435929600,numquam ipsa nihil,Ad quisquam quas enim libero excepturi distinctio nesciunt pariatur.,2023,9,103,Fantasy,Drama,Comedy,Horror,BW,
8223767473946624,quibusdam fuga ipsum,Ea quos sit nam earum dolorem tempore officia.,2022,R18,61,Fantasy,Thriller,Drama,Comedy,BT,4
5962518820290560,accusamus est iure,Placeat quo facere perferendis earum maxime.,2023,R21,170,Thriller,NG,4
5465958271418368,culpa nisi nobis,Temporibus optio nihil.,2022,R,134,Action,Comedy,Fantasy,AD,
85639743668224,ipsa perspiciatis nostrum,Iste aliquam commodi ratione incidunt modi sed.,2022,18R,128,Drama,Thriller,Comedy,Horror,Fantasy,Action,SY,
4004412192194560,rem autem in,Debitis tempora fugit laboriosam cupiditate.,2022,E,163,Comedy,Action,Horror,CI,7
5246326453305344,assumenda debitis assumenda,Incidunt qui recusandae enim.,2023,CA,179,Thriller,Action,Comedy,Fantasy,Horror,MQ,9
2305862177652736,et eveniet minus,Fuga qui culpa atque placeat rerum fuga qui recusandae.,2022,S,163,Action,Drama,Thriller,Sci-Fi,Comedy,Horror,SX,10
4138563725688832,sint nostrum labore,Quis nam aut placeat temporibus omnis ut.,2023,AL,167,Sci-Fi,Horror,Fantasy,Comedy,BA,
1910964964294656,ipsam tenetur asperiores,Corrupti consequuntur fugiat quae.,2022,NC-17,148,Horror,Fantasy,AX,
4151531077107712,pariatur aperiam quis,Necessitatibus laboriosam sapiente totam debitis quod.,2023,CA,174,Comedy,ST,6
3701679079817216,laboriosam ex cupiditate,Assumenda qui facilis animi fugiat debitis repudiandae commodi earum voluptatibus.,2022,R21,104,Sci-Fi,Horror,Comedy,Fantasy,Thriller,Action,CM,4
5980677302386688,commodi voluptatibus dicta,Recusandae ipsam nisi porro illum voluptatibus.,2023,PG-13,73,Fantasy,Drama,Sci-Fi,Comedy,Action,Horror,TH,3
8025546667589632,odio doloribus totam,Aspernatur porro totam.,2022,NC-17,87,Action,IS,7
14236870770688,qui nesciunt aliquam,Voluptate deleniti minima.,2023,M,66,Fantasy,MF,
7939833716539392,dolor optio suscipit,At rerum natus placeat dignissimos dolore.,2023,12,117,Comedy,Thriller,Drama,BT,
1224735736201216,occaecati beatae explicabo,Quae animi sint ipsum iure vero facere voluptatum praesentium.,2023,M,105,Sci-Fi,Fantasy,Horror,Comedy,ID,
2625675571757056,atque consectetur ratione,Ducimus culpa repellat est dolor soluta officiis repudiandae.,2023,TV-Y7,70,Action,MZ,
4012936024555520,perferendis harum ipsum,Explicabo dolore rerum asperiores ratione laborum.,2023,A,179,Comedy,Drama,Sci-Fi,Fantasy,Action,Thriller,Horror,QA,
1006557061971968,iusto nemo recusandae,Consequatur cum ad officiis natus odit.,2022,TV-14,127,Action,Sci-Fi,Fantasy,Drama,Thriller,Horror,SC,
5350697681813504,a soluta consequuntur,Voluptate recusandae culpa unde ex aliquam sint commodi provident nesciunt.,2022,E,108,Fantasy,Comedy,Thriller,Horror,Action,Drama,KR,
7607002284949504,assumenda nemo veniam,Quia odio dicta aspernatur neque laborum excepturi odio vitae culpa.,2023,TV-14,116,Action,Drama,Sci-Fi,Fantasy,ER,
4050751508709376,eligendi repellendus omnis,Inventore adipisci vitae aliquid quas ad rem.,2023,PG-13,108,Comedy,Sci-Fi,Drama,Fantasy,Horror,Action,Thriller,EC,6
6219977457664000,occaecati optio quos,Suscipit quis aperiam assumenda tempora ratione ullam repudiandae omnis numquam.,2022,U/A,149,Horror,Fantasy,Comedy,Sci-Fi,Drama,Action,Thriller,CG,3
718322238750720,animi amet corporis,Harum a a maxime quos assumenda numquam recusandae.,2023,T,105,Fantasy,Thriller,Action,Drama,Comedy,MX,
8102639080308736,exercitationem enim incidunt,Nesciunt quidem fugiat blanditiis.,2022,AL,63,Action,Horror,Drama,Thriller,Fantasy,KZ,
8748023255400448,doloribus repudiandae odio,Iste sint aliquid ratione sunt quidem placeat repudiandae sapiente quas.,2023,X18,160,Drama,Action,Fantasy,Comedy,Thriller,Horror,LS,
8712049322360832,culpa omnis fuga,Nulla voluptatibus alias perspiciatis tenetur eius nobis.,2022,12,107,Horror,Sci-Fi,Drama,MZ,6
8425058166898688,dolore expedita sint,Tenetur sed explicabo voluptatem eveniet modi vel.,2022,TV-MA,152,Fantasy,VU,
4300561568497664,labore ipsa voluptates,Aperiam nostrum nesciunt nemo.,2023,PG-13,162,Thriller,Action,Comedy,Fantasy,Drama,Horror,ER,5
2279717159829504,a facilis praesentium,Ad hic deleniti ab quia.,2023,TV-Y,73,Drama,Sci-Fi,Horror,Comedy,Thriller,Fantasy,LK,
2078870496870400,enim nisi quasi,Similique pariatur atque cupiditate ipsa alias veritatis.,2023,U/A,167,Action,Sci-Fi,Horror,Comedy,Thriller,EH,8
17444508794880,sequi eaque velit,Ex illo vel sequi nesciunt pariatur maxime.,2023,R18+,95,Horror,Thriller,AI,6
7512880754720768,labore at deleniti,Ex placeat culpa.,2022,A,130,Horror,Drama,Fantasy,Comedy,Sci-Fi,Action,MY,4
87254248718336,sint hic animi,Aspernatur quo eius maxime.,2022,9,89,Fantasy,Action,Drama,Comedy,Sci-Fi,Thriller,Horror,ZM,4
5939219836960768,architecto esse et,Rerum molestiae eaque voluptatem.,2022,15,146,Horror,Comedy,Action,Thriller,Fantasy,TC,3
6179147074240512,aspernatur hic culpa,Tempore est vitae quam adipisci distinctio harum aliquam.,2023,U,123,Thriller,QA,6
1731430038110208,odit maxime unde,Quaerat molestias itaque ad temporibus doloribus aliquid porro aut necessitatibus.,2023,E10+,151,Fantasy,Thriller,KE,
3069338913341440,voluptatibus labore natus,Maiores ea inventore consequatur doloremque pariatur temporibus rem.,2023,X18,102,Sci-Fi,Thriller,Comedy,ZA,7
8542046562287616,tenetur qui error,Rerum ratione labore quidem.,2022,M/PG,89,Thriller,Drama,Sci-Fi,Horror,Comedy,Action,Fantasy,ME,9
7755662626914304,odit neque suscipit,Sit minima non amet fuga.,2022,15,172,Thriller,Comedy,DE,
7636070892044288,sapiente alias commodi,Ipsa quasi quis.,2022,TV-MA,147,Action,Horror,TK,9
513462755131392,ipsam recusandae vero,Error magni ab alias eius.,2023,MA15+,164,Comedy,Horror,Thriller,Fantasy,Drama,Action,RW,4
1842964972175360,distinctio illum voluptatum,Iste voluptatibus ea perferendis nostrum non dolor est nesciunt.,2023,T,172,Fantasy,Sci-Fi,CV,
4060193031716864,nihil impedit illum,Et sed unde dignissimos non ipsa.,2023,TV-G,139,Sci-Fi,AT,
61840182738944,consectetur sint natus,Aliquam minus eveniet officiis.,2023,PG,67,Thriller,Horror,Sci-Fi,Action,Drama,VE,8
8963601821859840,debitis eius minus,Aspernatur officia beatae accusantium animi quam ut neque ipsum amet.,2022,TV-MA,71,Fantasy,GL,5
3619116443238400,architecto quisquam distinctio,Similique ratione eius.,2023,PG,170,Sci-Fi,Comedy,LC,
2093147194654720,nam velit possimus,Tenetur officia velit vel ipsum voluptatibus.,2023,M/PG,74,Sci-Fi,LA,2
7214071168368640,sunt sit voluptates,Eaque perferendis quas suscipit cumque.,2023,C,90,Action,Horror,Fantasy,Drama,Sci-Fi,Thriller,Comedy,VG,
2643781316771840,excepturi minus soluta,Praesentium ducimus explicabo distinctio cupiditate alias consequuntur non.,2022,C,124,Thriller,GB,9
7191554095579136,molestiae perferendis corrupti,Odit id enim sequi numquam eum dolore minus.,2023,15,155,Fantasy,Sci-Fi,Drama,Horror,Comedy,RE,
8510935257841664,numquam neque inventore,Commodi hic perferendis iste accusamus nisi iusto minus accusantium.,2022,U,126,Horror,Thriller,Fantasy,Action,Sci-Fi,MN,1
1854983576223744,iste labore cumque,Nemo tempore tempora corporis quisquam.,2023,M/PG,84,Thriller,NZ,
4617605784535040,facere cumque ea,Sunt inventore inventore nisi enim provident dolore illo.,2022,AL,137,Sci-Fi,Thriller,Drama,Comedy,NZ,7
6460871010156544,quos non non,Non nesciunt nam sapiente harum unde possimus.,2022,A,108,Drama,Action,Fantasy,Thriller,Horror,Comedy,Sci-Fi,RS,9
123820448940032,amet doloremque dolore,Nihil id amet dolorum eveniet asperiores aspernatur ratione harum.,2023,12A,157,Sci-Fi,Horror,Thriller,Drama,Action,AZ,
6417858416345088,excepturi fugit voluptatibus,Vitae dicta suscipit aliquam voluptate.,2023,AL,73,Action,Comedy,Horror,Sci-Fi,BH,
385292974424064,molestias sint illo,Fugit et quibusdam consequuntur cum inventore earum qui.,2022,GP,157,Sci-Fi,CZ,3
4915991792320512,consectetur voluptatibus quam,Ex nesciunt quibusdam illo expedita.,2023,TV-Y7,74,Action,Drama,Horror,Fantasy,IR,
3224376740675584,facilis aliquam occaecati,Eligendi quae at quaerat dicta repudiandae.,2022,EC,95,Sci-Fi,Comedy,Fantasy,ID,
3892973888602112,dolores optio quis,Eum et ipsa.,2023,U,103,Drama,TH,10
229820545892352,suscipit eum voluptate,Veniam quisquam veniam enim nobis quis sed.,2022,G,85,Comedy,Action,Fantasy,Horror,Thriller,Sci-Fi,Drama,ML,
3633567988973568,ratione placeat maiores,Itaque itaque praesentium natus rem illum.,2023,TV-Y,110,Thriller,Comedy,Action,Drama,Horror,Sci-Fi,YT,9
8685520018210816,ut modi officiis,Blanditiis exercitationem in.,2023,T,146,Sci-Fi,Comedy,Fantasy,Drama,Action,Thriller,Horror,RW,5
1615929903415296,iure eum fugit,Consequuntur omnis et ipsam recusandae sapiente quisquam.,2023,GP,174,Comedy,Action,Horror,Drama,MY,
4687997712728064,facere perferendis minima,Distinctio animi ex iste inventore.,2023,R18+,152,Horror,Sci-Fi,Fantasy,Action,Thriller,VG,
44068539203584,accusantium similique ab,Aliquam voluptas doloremque architecto.,2022,R21,116,Sci-Fi,Thriller,MH,10
6719689283600384,quo harum enim,Sint illum ab officiis doloremque.,2022,18R,71,Horror,BR,
3549208822939648,doloremque in laudantium,Voluptatum sapiente enim quisquam.,2023,M,156,Comedy,Action,Horror,Thriller,Sci-Fi,Fantasy,Drama,FI,8
736037846384640,accusantium architecto a,Provident voluptate tenetur error similique blanditiis aperiam.,2022,NC-17,108,Sci-Fi,Fantasy,PG,1
3164822470393856,numquam magnam corrupti,Cupiditate saepe deserunt unde.,2023,TV-14,61,Fantasy,Action,HN,8
4696491876679680,reprehenderit repellendus suscipit,Nesciunt accusantium voluptatum quam nostrum.,2023,R21,80,Action,Comedy,Thriller,Fantasy,Drama,Horror,Sci-Fi,KP,
1836577995096064,non omnis voluptate,Nostrum facilis tempora perspiciatis commodi.,2023,PG-13,152,Drama,Comedy,ET,4
6814656542801920,praesentium placeat facere,Non fugit magni amet expedita aperiam earum adipisci.,2022,NC-17,68,Fantasy,Sci-Fi,Comedy,Thriller,Drama,Action,Horror,MN,